[{"date": "2022-04-01-00_00_2022-04-01-23_59", "type": "LS", "x_cord": "0", "y_cord": "1"}, {"date": "2022-04-01-00_00_2022-04-01-23_59", "type": "DAI", "x_cord": "0", "y_cord": "1", "area_change": 62.452508121799454}, {"date": "2022-04-01-00_00_2022-04-01-23_59", "type": "LS", "x_cord": "0", "y_cord": "2"}, {"date": "2022-04-01-00_00_2022-04-01-23_59", "type": "LS", "x_cord": "1", "y_cord": "1"}, {"date": "2022-04-01-00_00_2022-04-01-23_59", "type": "DAI", "x_cord": "1", "y_cord": "1", "area_change": 142.34434039756857}, {"date": "2022-04-01-00_00_2022-04-01-23_59", "type": "LS", "x_cord": "1", "y_cord": "5"}, {"date": "2022-04-01-00_00_2022-04-01-23_59", "type": "DAI", "x_cord": "1", "y_cord": "5", "area_change": 6.8136562760218675}, {"date": "2022-04-01-00_00_2022-04-01-23_59", "type": "LS", "x_cord": "2", "y_cord": "1"}, {"date": "2022-04-01-00_00_2022-04-01-23_59", "type": "DAI", "x_cord": "2", "y_cord": "1", "area_change": 14.887071651090341}, {"date": "2022-04-01-00_00_2022-04-01-23_59", "type": "LS", "x_cord": "2", "y_cord": "5"}, {"date": "2022-04-01-00_00_2022-04-01-23_59", "type": "LS", "x_cord": "3", "y_cord": "0"}, {"date": "2022-04-01-00_00_2022-04-01-23_59", "type": "DAI", "x_cord": "3", "y_cord": "0", "area_change": 9.213741023173169}, {"date": "2022-07-01-00_00_2022-07-01-23_59", "type": "DAI", "x_cord": "0", "y_cord": "1", "area_change": 11.770947647658437}, {"date": "2022-07-01-00_00_2022-07-01-23_59", "type": "DAI", "x_cord": "0", "y_cord": "2", "area_change": 38.275688344757576}, {"date": "2022-07-01-00_00_2022-07-01-23_59", "type": "DAI", "x_cord": "1", "y_cord": "1", "area_change": 85.06660178420924}, {"date": "2022-07-01-00_00_2022-07-01-23_59", "type": "DAI", "x_cord": "1", "y_cord": "5", "area_change": 7.353203874121311}, {"date": "2022-07-01-00_00_2022-07-01-23_59", "type": "LS", "x_cord": "2", "y_cord": "0"}, {"date": "2022-07-01-00_00_2022-07-01-23_59", "type": "DAI", "x_cord": "2", "y_cord": "0", "area_change": 7.1945220770002285}, {"date": "2022-07-01-00_00_2022-07-01-23_59", "type": "DAI", "x_cord": "2", "y_cord": "1", "area_change": 23.0805677054379}]